Nick,Shogwiottlim
Seth,Black
Qim,Qupleldreth
Yick,Qregluh
Tracun,Blilullaam
Minlith,Sieth
Nusush,Blezbalmom
Telfiothrios,Fiems
Rikabos,Jisnepswieng
Bajenkejat,Epplor
Sat,Getlapne
Sat,Kliem
Fieg,Ontangne
Quen,Blintu
Fobon,Nolnepid
Ienpus,Daem
Hovnash,Bezlolless
Sumabut,Gusp
Wethrunioth,Izlupem
Malnarzaprish,Thilbae
Pin,Qolmepneeng
Gum,Mih
Snug,Ootlenocks
Sas,Fripnibs
Vionpiack,Thedolme
Filen,Veeck
Wulais,Chebrorndisp
Iezzeblien,Thab
Tufforlen,Kriansudli
Uxumojosh,Withust
Niom,Wodficni
Trug,Rag
Zun,Oclolmung
Lat,Nucesp
Vennock,Freddlaancim
Yerieth,Qrid
Milim,Thupplungnong
Onishit,Maess
Muefenick,Tegoplabs
Vuxoruggosh,Shawled
Deth,Chiglizlum
Vash,Baam
Sen,Qunziovroh
Wit,Wuppo
Sognin,Erernfist
Segot,Kribs
Duhon,Ioldilleh
Tiehemzosh,Kruar
Ommurzas,Aevepplecks
Terzonkelzas,Jilung