Fott,Egnidross
Drun,Sub
Der,Tantiweg
Pebno,Glutha
Zackust,Alnaggli
Ecri,Rur
Chimza,Uniellaad
Chadwapu,Shah
Qalbopqiurd,Pavudneg
Huvembokint,Gladrist
Fox,Krerlilpe
Vam,Jur
Rex,Greplapriem
Calent,Domacks
Acdet,Ettligeth
Driupir,Zuh
Ecdiun,Sizlopruad
Vretiumutt,Thong
Bavidqourd,Kazlondug
Gratrabolast,Ewucks
Kack,Thuburi
Kent,Shest
Kird,Woncoldrooth
Gouldeerd,Qrenzuabs
Kovost,Thodruddlass
Upro,Thud
Unnoum,Apraldrust
Bibnomzo,Ruth
Ingiumot,Zeednuppliosp
Olbokqopost,Haecisp
Vrout,Fondanuocks
Cutt,Hin
Krer,Aanduplan
Ekwuo,Wombuab
Fanget,Shoozliegwick
Nebnen,Vobs
Guambed,Dacutli
Bonzimem,Sosp
Vunokro,Juzbudroh
Vrepebrapom,Grareng
Vrout,Fondanuocks
Cutt,Hin
Krer,Aanduplan
Ekwuo,Wombuab
Fanget,Shoozliegwick
Nebnen,Vobs
Guambed,Dacutli
Bonzimem,Sosp
Vunokro,Juzbudroh
Vrepebrapom,Grareng