Sirli,Lannut
Vanngo,Duskspirit
Jyri,Summerhand
Funur,Cillol
Unrok,Cirsaml
Mogo,Zigga
Nhudhia,Shommon
Lama,Sadur
Ghiso,Rivo
Shino,Zontos
Thomma,Clentysh
Lanra,Yolko
Adgauld,Frozenfist
Irgo,Loneeyes
Riju,Uskaigr
Zelmo,Vhoddrind
Laveth,Iknes
Gommum,Stuldol
Khiyaphus,Heshaj
Heshir,Gheder
Kaqu,Peoqo
Efsa,Pihee
Nonru,Narlo
Yngi,Keensong
Thindy,Ambershield
Evo,Jirrang
Zuthe,Ioznen
Amzah,Shoknar
Asra,Sukki
Ihmir,Bhanloul
Kili,Ralkij
Khopau,Thuchi
Shacil,Seiciab
Yirmu,Nerli
Senolf,Doomsplitter
Draldirg,Armfall
Zierhe,Cemlucc
Einda,Vethedm
Iaggu,Zoju
Chiadhi,Brujag
Hodes,Rimi
Mutir,Yinbo
Sase,Bussa
Mamo,Ustaf
Bernat,Tharli
Objaud,Freebrace
Alleth,Evenspirit
Velto,Cundoond
Koshun,Tsashkoj
Nina,Urban
Dheruth,Drira
Shiyashuh,Yahah
Hudiya,Sihre
Anna,Chibo
Epu,Vapsux