Tinin,Qulrud
Hjulkorr,Stormcrest
Fignogg,Palebash
Basnurt,Viozmind
Dinnac,Irrald
Cabous,Briggu
Krugrau,Cunlun
Hosham,Beejaal
Idrin,Ozas
Hakhte,Tihux
Vaake,Romse
Trarcut,Braded
Gragfeirk,Paleshout
Helbim,Blackcutter
Dostisk,Miskun
Elpun,Ogrur
Grirgo,Luthog
Zarrau,Sekne
Konuz,Tourun
Sedwuwz,Tolun
Ussuif,Kicon
Fudref,Hansu
Brilkok,Prelrod
Yaebjam,Amberforge
Friwoll,Runegleam
Rovert,Aekag
Ado,Pikundl
Oukmouc,Rorlin
Indi,Gerrum
Syarez,Ojous
Robewz,Ghothul
Gaammonn,Kuphix
Minsix,Honhyx
Brinkon,Brorkoc
Thanduulf,Ravenreaper
Stolkigg,Smokegaze
Dovuk,Mirkuml
Hidren,Vhaistyndl
Nebrud,Ongru
Crondis,Shungal
Fufem,Qilmej
Ibif,Kholka
Ethreut,Vozghad
Amsu,Yhbraff
Tudet,Qildan
Thikec,Armtongue
Frexuugr,Softhair
Aci,Vhoshtion
Uvrev,Frarsiml
Keneg,Xajer
Jekac,Buldist
Ismef,Shinsum
Joka,Mutteh
Thaarpeh,Ummol
Epid,Hachip